cpu_frequency,memory,delay_constraint
49.579589291280804,1.5981442378377495,5.550058636738239
20.236357039492006,44.214625728424345,6.353398974845822
67.39865952319161,5.307636074502027,5.843843639370541
6.600703970383959,13.19641469073584,6.0107105762067246
6.370785862712386,12.010375276130244,6.299768875559046
42.91837438252678,13.304393260237731,6.178531367751818
61.564847195786776,0.4892757047158549,6.611638503665616
53.71882734667,20.481005939427714,5.310958999623563
71.98352159057808,20.262013252246344,5.185491686760296
11.318504566759213,50.86491254421284,6.207452062733783
61.4025432658438,43.81093402295969,6.072456182909401
73.10466136054563,22.774209194780376,6.104081262546454
62.97302882983614,37.14933316661834,6.723413800621555
45.203326240601726,42.30385298927391,5.091648767311325
20.566828433434054,17.43433901976622,5.159583953847255
20.91175748845263,6.149985621642774,5.555947206220184
49.31575332064021,21.953447520308046,5.740361934233765
19.27024566938988,16.09197154074189,6.873309175424988
50.18649465988484,36.58694723945259,5.342277296396194
55.90343925549962,9.88780937633951,5.758910883515296
74.26139621987997,38.435985615260165,6.1138994875492925
52.76530469478616,50.58683001936959,6.55199982309249
20.647889073469358,2.0228046098518617,5.630906096118164
23.375731756287042,12.737872330820954,6.885819428670109
66.28391766632316,18.949205059828827,6.31087733058976
32.39204902477683,54.881400625458554,5.917703705174798
23.1740517381127,14.872987710869609,6.122736268326301
23.023283400866937,35.11670081439008,6.795645767204954
32.65773561239801,13.23731347352127,6.995075212990221
40.42160370419075,5.545473789210254,5.09423275084947
12.23026368972147,37.68401789801509,6.584158728725928
34.26227765937772,3.905309598502232,5.763238573013074
74.72655730692682,31.793949271438308,6.942156755227236
65.18496900753212,0.7877132143748962,6.441443638720389
52.56058101637352,32.26452279148683,5.533650379905086
49.68780679987647,6.781975198392998,5.86953050133821
36.48752129620905,57.2335740585127,6.751705880756388
23.0689280779519,30.08510817171287,5.357303761060263
68.84026267380985,52.24406233322234,5.596889582897266
49.54593938805336,36.57731566514652,5.305678537099269
58.257011405298165,32.40880390416558,6.557252957261117
41.889933889760016,0.13425657806381597,5.648312114009347
5.873110338201178,55.753007114250565,6.757443755646369
63.13241981996315,18.52009611161942,5.115850332988375
66.39967674388487,56.82227177334985,5.171306904135758
38.762327663821274,4.245829856256178,6.521204330514463
58.49132726614263,7.790648723535791,5.950564756197463
43.261153341393545,15.97689207350954,6.744866082170515
34.33122478416253,12.786712505980715,6.0785921775589165
55.96014037084332,12.148948697042783,5.62343258260179
74.65802964459307,39.02769565260326,5.876200167829008
40.98909679300914,7.348151332509116,5.4493946740631145
28.3350321313956,35.339692235588274,5.460229465193154
20.025325603834943,4.352485851941048,6.262205914540198
20.640395758686385,54.33465877906706,6.719270800507493
9.495443167150068,14.356477598702813,6.337955556592561
19.603694919615922,8.025479738628997,6.871028481161342
44.758538079432554,28.41299447607647,6.569238848581507
61.42853834254836,11.505553870276474,5.193861628457647
34.88910835964961,25.472359518893256,5.93404933607335
55.89984738691947,40.434536382868764,6.968330422731932
11.438459916213102,24.217014797925902,5.678605210789926
65.24791381287177,14.994514401825109,5.380417816881623
36.127255122235795,25.37071022608081,5.557090289333881
22.111354575688086,55.403609396633165,5.886261490106914
65.22511188570905,33.0644862157459,5.101176659049763
74.94941402309722,50.17805234628912,6.937992514569503
69.808872302073,50.936874491416894,5.332622221207828
38.737699344275654,12.903463222030982,5.8020805850989055
8.633795698038615,22.800489826717275,6.970617687559452
23.196815601136713,47.0658290567193,5.910016734678287
34.32202776230649,57.44332668749443,6.990845378985428
43.68166680009608,43.132655690249926,5.309593650548129
25.417901697366776,58.125690961652616,6.158360581632513
42.72476169688633,44.90373606670594,5.114330545814966
45.68452040935747,30.220737936878862,6.705439784096571
15.59900731973357,57.650656306139574,5.160222930481174
17.600659749140988,35.742602876356656,6.3504251072081805
21.081874597565648,7.281208175432738,6.780574628258875
21.858182019098052,35.71169729665313,6.238763020664206
34.05535653117901,35.06197012854436,6.045565431063918
70.39679117041813,12.335126045469831,6.432383601578829
21.327359659417144,23.807572222796146,6.3433804459199425
25.649794125812736,19.039014056684056,6.503728984828804
9.614289571767591,27.55130280485331,6.996908881708885
74.72479957378415,4.488317193868016,5.426308624534081
23.196629239903295,56.002236741823175,6.761728347372879
66.48855209516026,22.23467261545915,5.315493664714464
63.2790193021064,42.24204151273352,6.2233555314519
74.09993098602105,39.27318143087288,5.015646214304316
62.105841525640045,18.032787256778676,6.326777429932155
70.69456527686083,8.144037752162726,5.230857340838204
12.046036428513943,33.23809608900047,5.544696424629633
47.14050280563079,43.084970009614,5.407194624654906
49.21377610139812,15.912635707661524,5.977063704298753
68.32622262109228,50.78161242636184,5.184596935425467
34.36209196574271,16.673145415937878,5.007091378175565
58.86390522288371,38.26309130035264,5.523910524868697
56.756779038529125,33.145657225470835,5.855373837961359
5.181713822387968,4.607107218418646,6.766212786600286
68.22696429497248,32.78085832341079,6.669190039772033
45.56692443753048,8.97081775549221,5.254891038564278
26.232213670074426,53.948991175681144,6.592244609776083
65.17953203106364,53.94558572793583,5.420153076679508
22.091846615216173,6.257337938139958,6.560232483742885
66.83149645229614,24.4420056509438,6.241323020301426
15.396010352420427,55.7998728400511,6.729211392439928
73.32252532163288,48.66522602442977,6.7628324093266485
6.2474385138223045,44.22021185812942,5.664370935892857
70.12251996640695,48.153884822334625,6.728128056750559
61.65782681849442,16.081662004708875,6.574749018270943
12.120741661408477,52.342790296074774,6.717186502675563
20.18157708696934,49.013537675256046,5.920606469357884
26.01595614737134,47.74119539925642,5.45519097481554
6.1683426464523325,11.668474320829748,5.6565239023954135
65.43688241313518,58.016657332496834,5.558249985443743
49.724462571837755,24.040735223167648,6.962299374396521
42.303209139749896,56.360304705450474,5.230683503702855
72.91324307706707,10.796212188730571,6.925068631523111
23.21537855786929,6.5933125781611945,5.8691275171292885
55.86242677601565,18.889271120279975,6.212417706612286
40.555325706698206,23.17320645734916,6.153176086993199
22.457936682770026,42.55623850166682,5.003382556437259
69.75304916768533,32.35327462585823,6.438859998289691
56.807480487683094,40.27064741553667,5.728442943562529
9.433153684404868,39.88783732618521,5.660400072085193
26.631052976614356,50.896115242429495,6.4395085260279
25.672719908894123,18.62615126629833,5.816785817238434
32.869227287569586,17.809746631304225,5.254575598118306
34.14146653099003,56.42778387673796,6.354635890545466
68.14779097414709,36.9693434654877,5.601899749131131
43.12957352606672,0.1243157878675229,5.573827433737854
34.80711457428334,34.84108839362135,6.3094112474061435
37.2816674124145,26.585371978357966,5.4274028019782
37.8596261066075,54.08073146711243,6.5920495202535605
16.46324343196286,5.179252649834792,6.030904019830433
49.1223303314886,20.177776499047074,6.636846929073329
57.45523869662162,40.40046066637431,5.449281331994577
18.538660257223654,1.5630807248368979,5.4896850881567
37.99711226742576,50.999287908021444,5.145656458369138
33.71809127533922,37.82294630618905,5.388870473479418
53.5929746595806,29.71319242372517,5.4879688791568775
50.752089783380775,0.4321346064681024,6.501928953236946
58.788256294468766,6.484579064155982,5.850292387885468
16.900011060310483,57.48216593254443,6.035915500887482
8.040396152415184,15.026976951632301,6.696672694703319
36.680558695647164,48.104854443163646,6.335155465172706
74.14641794118458,35.767593876318244,6.900079216886311
67.34552776963581,36.797874133429595,6.438547922551934
40.08686062012034,49.85109326631276,6.095743901221657
67.75317127794499,44.644960985359134,5.949348873646107
22.773004166783863,14.909660276828607,6.275322873552312
58.48986474295017,31.32585878839613,6.253496873963563
23.85912000768645,4.741252896497675,5.571456301726305
23.655915049294016,19.25060314828386,6.080304445036913
14.25537133688898,13.952562635718387,6.387899624598105
54.30254948946593,3.9473081577612965,5.815198739333173
42.754085405526034,25.004876622779044,5.4136687790288205
34.120118003026505,54.2998248525766,6.16815882840845
53.53437054810675,51.41824873500566,6.531189152236139
31.316862539403672,0.45317540668118506,5.70351760534365
57.6199963166867,51.22153223908936,6.906860676940212
34.041000425402444,44.87618857178524,6.092264619467678
47.02930752035751,13.31026778999675,5.438843269242872
35.226436311287884,1.838586714808243,5.672259087396765
52.37950289449866,24.318568481344464,5.330089462407018
37.451005520877864,7.7449050571415246,6.24451392194813
6.401134859312207,23.701813354748314,6.128783966049548
6.410694266992026,38.60070391575921,5.271398974461128
37.04974030563157,3.1120495459687905,5.758207728376279
19.422050036909447,19.678063712390383,6.522459415788054
31.22839819727161,45.14538843093161,6.663848570310545
22.28514299065783,5.006183342422388,5.038766574100022
42.529042878538625,59.994478927701635,5.699920687440368
50.335158574116186,46.895859671692605,6.303509310487779
57.673440886196595,56.981742789687736,5.398721364725066
5.93679122108343,9.227702512508943,5.2524419497484125
51.6968485457037,33.88177795760814,5.435929081813008
53.81228047285363,46.037196091538824,5.335578286735604
47.31094831931068,44.90074655212162,5.229065742757795
62.2607327889315,57.88677430474185,5.216197499315213
6.310328997571354,18.786238939242242,6.354694573700818
72.05118509351567,23.859601046845977,6.430029410098937
9.857751687935728,41.46780351438552,6.2544847912020884
11.684042033941346,46.37160500857832,6.700586478177593
46.82901884458751,7.351198397532175,6.967688703029342
59.675791918451885,20.897505541976095,5.856756026469489
30.62524677337296,30.407051301656967,5.682462349722567
64.3950817034702,49.35762199359448,5.211077741287998
72.23552348862779,38.17154785547661,6.657414622004916
54.36525938127842,26.185679985959855,6.467590608026784
72.56589805228448,16.27793554360531,6.616398437613512
42.441189904602034,29.06150048260345,5.871148986007789
56.03734810851112,16.176892729148598,6.7034263200386635
63.06653683178754,5.291107593534896,6.7632623680055435
21.692372462962396,27.936037149533583,6.220663408461041
31.218745941042613,1.819129866428366,6.701905672624918
17.31970992961727,12.805979025766366,6.595664713656193
28.493888443081996,52.8311667875177,6.402367500664403
23.976934590811037,0.708051754876759,6.896125155554063
10.535713818040499,43.23247237984124,5.977155693697575
57.95060807051388,41.46749943284673,6.291805799481905
39.102904123040325,47.59667880112582,5.186106701109344
20.122546233313376,41.538050602182594,5.612412060260176
45.49966876593189,28.448303276695533,6.061843862291536
34.49801879571764,44.78153265914521,5.66158259439186
54.05127342409671,16.32789397587416,5.502807352401883
13.00623987503756,11.635799177745891,5.239109482510106
42.27840955955436,45.75515760809777,5.370299684875324
19.7551171114417,29.103495374041252,6.449170002186103
73.3507951132555,31.525748459605612,5.56599740654991
11.58709062040075,11.727642927655298,5.45496632696511
17.150628829820935,0.9474871986382235,6.068270178535327
23.838948538220347,58.460266373054,6.106717933597217
53.66792620016871,7.664141628208693,6.736922394525888
39.10694796392641,52.375912126412224,6.148128439252664
37.59248461760097,26.484081008347015,5.368727340780163
8.122058561442238,56.46970944640938,5.955458374531375
62.45915299360984,24.102375790891195,5.148164340511279
48.87592234011588,3.311183550122735,5.2983951689473106
44.180191594461775,18.29974715934944,6.98783624542044
12.850835135908042,45.89016237503903,6.212635302485926
60.24722850396107,13.618659510195574,6.0451450702604355
36.26126977465717,26.618988140757768,6.72033333165236
74.29720386290926,18.39227663472969,6.242054642144297
47.47897931328169,44.43134939852425,6.895180400650756
19.149047360560367,12.740409198793039,6.320856274384074
15.572525083351838,10.511431544753425,5.150129737802336
4.688638443503444,27.085171906600372,6.1876223902391265
25.033779876687447,13.965426449905948,6.4139116597580665
54.06062284560706,27.296476451781892,6.374769840142486
69.63572863601968,47.29089879613921,6.2501160143284435
51.11340452116243,56.02674066088625,5.8502779322084235
42.8916476990958,38.8933199318086,6.816822890425212
62.7774967553292,4.377449227663267,5.331845578441449
26.186632789303395,44.96256755197044,6.138414098638185
24.847046475561843,7.548784124665022,6.377355982424188
53.83122479078807,56.566306820568045,6.000944354235851
39.31256296382844,4.918466928768128,5.079721568367226
34.958020823334465,19.40706284316217,5.500735804824008
10.938545507484456,57.71847502135092,6.671917227812362
45.0515372000051,57.052098040600505,6.999144833754903
51.89585169337837,16.24371045542653,5.080463346289232
57.816952544085275,28.28299931277285,6.303018978867373
69.0831315488371,10.971199918665242,6.170659250555708
49.252322721513124,29.5543755512417,5.182484812587655
29.031254468772858,20.06517278053901,6.340267019042371
64.97018315522486,19.85523944838003,6.387347347966865
24.81935457298263,56.71709301983632,6.6271320694759455
43.281810932510695,27.344071925243593,5.629034314340336
27.290801932457626,58.21406513583377,5.808350114001492
40.77903578920191,59.288340965427075,6.315320772966258
42.752848402182245,24.85352949087936,5.375165082789055
30.005444820193105,45.41094492792887,6.2508174842900175
58.0793327923017,12.293138477181405,6.098439278170663
69.90092963953356,26.34315409483546,6.396500058244344
13.0605388770647,58.391494267719494,6.21774333416393
21.37047109409935,9.58685201193342,6.10167801400534
43.43372433828818,5.6832311567632,6.9845142787904395
68.86155643313384,27.740728861309126,5.234932298179115
63.16609375070754,29.952692731960997,6.433206651983582
40.37547706240058,16.478151313125124,6.669447891153389
73.60724659853797,14.699481273900787,6.10253015376094
31.54281393392407,55.319902180900556,6.016481783185788
66.49250098782656,51.85521337227243,5.552494805644082
60.1954358312195,24.955051170725575,6.86849678736504
40.29550614458078,49.250913443816145,5.565677966565653
25.548187408909588,35.25756957260825,6.997804666458677
39.01964443922692,9.000865561129068,6.077161155407747
28.83123788935703,33.159853282541576,6.086860125917346
36.601795489088325,19.374463278719343,5.377304747414211
53.67363914725028,34.350678754895576,5.467124892115786
59.17588549449775,2.714473215928385,6.489410303130391
54.21856561226268,48.70339326363612,5.772157504981965
51.29006247865969,49.262778347402346,6.96163627731957
39.420669797957856,2.3174747196000136,6.004582300265932
46.10772026632448,52.1950487703967,6.748380748108617
35.54158778883274,31.60447009977293,5.913856148948485
55.4322898437303,24.65771932280723,6.309562652855467
15.382465923394193,28.222486998985445,6.938407261148434
28.368567000625934,41.59300545535424,6.299673305158545
64.54945311072375,51.155246060296996,6.718684368336533
31.29066252534718,19.06800312061064,6.437434850445966
58.037827558072635,52.355742742172325,5.071798199675373
9.323662676299378,37.90654490959297,6.841858197560594
74.81852756841319,44.83130536760183,5.867942943846251
11.440240410015456,38.0614949439694,6.745158465214182
35.77933789215025,41.670669651314746,6.806848124100972
7.742363291743499,47.788993563216486,5.586735551930418
30.926296829159696,8.819630762393965,6.06233263629752
44.39792836507355,47.571916485469096,5.3399672981361945
10.067268721529622,52.263291958826805,6.2394207370748305
21.47850032587007,54.77845805981094,5.28623544025702
37.01106889152733,15.313242630871182,5.510653416318308
5.162518917568408,48.29752131081126,6.802418847197766
52.2715674417851,9.562739762100037,5.883459567207629
28.86237652323726,35.295545137072644,6.277877404720025
34.413780161493285,15.080883642021304,6.690607850285197
18.544798437176908,23.143125613143994,5.966416122118432
21.22300198589401,34.35816927180926,6.14962386035729
74.48478907569628,17.784322157607836,6.955888969153725
50.90520202297199,16.54137477267584,6.1318580339113975
52.848864237747854,44.70566358580298,5.098088501552
47.25165776189146,29.85396446277983,6.808310581787451
24.67668767787321,47.951721158505165,6.214129996328532
29.338627386389817,38.233410892552925,6.2417823262606085
52.28239433294684,43.283609762575466,6.318363080633508
63.602766745857416,37.73206141084521,6.806807408145936
50.06701292678186,18.6050797487629,5.881646380325623
45.359953278472396,43.968350099560375,5.180266751492438
25.305286839855448,44.87410380980845,5.351280140888614
13.81726574114824,32.41052476316682,6.94297916242268
41.92509234604635,54.817869771453644,6.6609452391347945
22.616390961709993,49.4989197712902,5.963695659747483
61.35743881246054,44.818905107951,5.6774305076037725
12.619464375208038,57.77730824284577,5.281514030011765
72.63826476712401,51.622421754239426,6.448433424151037
73.5859281161242,58.039457863271934,6.609175288041124
30.287140983092428,47.461849918477355,5.027837310201802
42.328347732968666,27.341683061259094,6.345656763747507
51.90002621324643,35.11514948996475,6.644834602453549
70.79057837045858,6.589931521733917,5.467643804423166
6.264237800077003,53.06566722836965,6.122814764499758
69.02554156639275,13.359895284432001,5.126434082320391
62.58180227302656,54.57231954183074,5.6043803490585
33.284857833576595,8.472643049182542,6.892523065763893
25.95770319709837,29.608214676794532,5.194383997243643
67.05178125125941,8.226276517509557,5.907287513777785
51.76927842893707,44.61409327923798,6.891948171558864
34.04843611573796,44.56191398444242,5.30904580481967
33.74935918429489,6.031395919160657,5.978694075579229
33.272169941687885,57.09613937032547,5.065432573710094
30.622362090777695,26.65864685503603,6.9011103397028535
64.8092386280698,6.051342013907205,6.371360530962571
42.884843234491214,58.6727675141776,5.717347682424636
32.56884481347831,11.469532873448665,5.244319438174528
64.28633978668951,27.33757037737398,6.325537476123956
49.74016493994184,35.86904297522075,5.042714909472741
59.96901862705048,14.689776940125014,5.251847770616086
44.30274730151142,4.209748154178918,6.530314751777169
19.104594609439424,13.035485979928618,6.739390853539089
27.663448516972245,8.938495378492478,6.801062071263516
4.699906379341153,51.51852697017256,5.289375960641016
13.664445266762295,15.114186384014618,5.348994241802787
51.104563803110835,1.6442309721932817,5.029720654461418
60.193918828550146,14.352103204818736,5.6475429239240444
16.784357199135492,3.238701169884473,6.483436113908299
41.58902962514963,44.76534997453634,5.9524919308465005
59.350201271651294,30.84295366079058,5.218108020007691
40.0206276299004,56.73039701390937,5.086730073798344
59.71750321661676,52.03215637481431,6.042902429426168
36.79199780788658,57.84516836900952,5.121650814989012
38.26822472538461,24.156873545302375,6.372194992124466
39.06395421716788,54.59107966400224,5.146981431532901
10.19572865746083,36.537015675643055,5.131364466640228
23.8886279688357,38.02129578563083,6.096712868096721
27.42557375396609,59.678202576069324,6.061113674862649
36.486936939070745,36.365064812965244,5.198356923358084
53.975449007497666,51.18228496400494,6.30183332976261
58.71187247238407,43.278311007790194,5.430046132654994
36.33462157555235,13.786765104438604,5.67786323767035
36.47167265497504,25.017780050663568,5.190171678551262
34.58686244139754,39.939960997312504,5.748602046871074
15.261044196195025,55.386803640489624,5.134266616273296
63.139918137477245,5.684483092050276,5.1931288651315715
56.58511789345446,48.7249801881158,6.1127414712307
45.84578833313312,33.73902619812514,5.65929196283241
13.11730561749643,21.280524970062682,6.330681040005831
57.395039642729216,52.09871971725699,6.442121357492299
72.77210308445895,36.064564464358156,5.703292371386298
45.24325554648477,12.843054459753164,6.313472605976305
20.309263272083374,6.5822810774432705,6.69074683720269
30.413054068382188,45.7800773530173,6.148200008662926
61.40910666624028,50.72479416356865,6.949093204251416
62.19909359761721,36.85303950407434,6.285398327659663
6.35089511747763,55.75214903059669,6.658921579919326
23.3550646233648,10.906922710455179,6.405397545731209
26.283420562508667,20.455496940957776,5.012211578807317
65.82532081081888,34.02263357620644,5.801568687999032
14.50216311766444,38.02700355806528,5.061314196761812
57.10087922140232,12.986459514007304,5.839664987529006
28.533166714737963,22.266180239372535,6.443191935485347
59.26691120765524,34.098854041202394,5.169914079954358
8.208922262999286,9.528852836718473,6.235676363852061
52.01479409822447,16.398960328418514,6.323877385616522
38.73915019481524,26.57844678319697,5.546333688729539
57.72349162862013,6.917668735801084,5.859827266795781
24.46887614067168,40.74132666013197,5.973265506728501
51.53284539091265,2.8205000200052086,5.790526792175258
46.75240946458376,0.5604564454029841,5.602838724036873
19.391995535032017,8.320364834913887,5.511039008042919
27.632626093617798,0.5630214035017852,6.494028246859536
16.88648353224688,22.87442599834265,6.407342526765327
39.76849543221303,50.01791672495071,6.612400373133528
9.581322509747128,51.719685285153055,5.0846045231255825
5.821278329288022,55.2776298266945,6.724220027224133
45.091020831946594,34.446640885061996,6.418997923137868
33.947424168965384,6.998885022561514,5.041713118049498
27.396156650908726,48.099197043196085,6.2362505266084804
63.15782687155535,55.19420812930894,5.17625976259577
64.03614736693613,14.674656841881745,6.177742576605824
41.439359281544526,23.806425141874044,5.620549123671722
28.435686320966706,20.050810487338605,5.336265416091373
40.489071560221454,6.930195726329297,6.019904124645944
68.36755257639356,21.02757840179558,6.454758211347809
62.23587640750206,48.920716644425845,5.472537697893449
14.824317388577454,11.916580989156596,6.204797970546331
58.09517833605589,39.36498973007247,5.354292257894459
58.985790291952995,29.69760979854158,6.508891650493972
58.071339047346264,26.989424894004276,6.8483085167713185
44.29667072989735,38.154369311729546,6.249043558883789
65.42940467561485,37.67032267329633,5.301914802786154
9.314181223950804,26.588263023793463,5.605640870278026
23.86449355777422,3.464710000763375,6.014673770579556
26.38375346774492,27.169640435670864,5.1137801016679045
63.13461253225007,4.696186970289953,6.7285000678504785
64.79818268765436,36.93900246609286,6.014135634667911
37.1211719543727,33.30355064316441,6.583635594530717
67.65931197175459,27.039048848689287,6.619631835395943
50.454540552726996,19.35945309653766,5.951258055886139
15.135705907042516,3.8062346360559327,5.207003754540783
67.88844179388204,20.671922772712232,6.428631098334925
40.0707046058175,10.436278795038259,5.4954874471965685
35.361958338800925,26.421365326581196,6.045496070531091
15.691607662698667,22.433833727869494,5.5657871572288355
33.318242505936084,20.36819209580103,6.195771724765979
60.14049867523836,38.873590882461485,5.131823708559435
11.162669299814151,40.734922755920856,5.568293947756228
55.52322267767356,39.42818877598763,6.812685394327355
66.06621617526798,20.068385960027342,6.16547902917284
14.470700831194408,21.05426517339707,6.93539301538549
53.74283737823761,23.578283261688085,6.190082456303149
70.62915506938614,18.64395505621606,5.7533586121126
60.31216802937982,48.809768550506575,6.340232799989445
62.94160758905975,44.35260286055602,6.370828880555153
41.610730451259265,38.79688676193592,5.846812732644207
30.008880792448313,21.81960037202446,5.360525845753689
19.600582615227474,56.86532922530738,5.972541841745454
20.471284780639053,8.34016465530705,5.154330168601753
64.03220140235477,6.158331743706859,6.541749440726202
63.375947777736194,53.03256171300444,5.075494984715123
28.241888223481848,46.00182550638977,5.262098082859016
31.05875089298799,9.818608004098184,6.662690113378251
58.86239586803468,48.56171880639414,5.331078331488118
35.35597506225345,24.710430828642355,6.352725844377066
21.245879202008215,26.707502717336013,5.5698558651267165
57.27182452572826,26.99078498569709,6.068022299396523
26.317486707676668,48.536569878338106,5.938031210064505
63.375494187162374,22.133673397679466,6.894260340488246
73.9030054439762,27.754630708615252,5.563543465407551
31.422006610445088,31.694841328842813,6.932536306411895
62.09083239047743,48.0954275266777,5.276797069206863
22.125226417024997,38.506624268646384,6.7482338901044745
43.5951225524224,6.24512493172972,6.691784553466877
64.50720638997691,17.175274542153772,6.526233660583381
23.73178662119064,54.32784191779665,5.294697311983208
35.34181549374615,56.790154454404465,5.4440760138139614
36.30452331055998,21.040146180505072,5.053340381605877
8.25461054556075,30.170226170124803,5.471556147726865
74.61403726229953,22.55726913772428,5.0563750910563
70.12322628487169,50.36665962793518,6.299921368588363
60.29233494249341,8.342215304779712,5.573758794626537
62.99819161227399,41.79471211570142,5.277585383636373
54.240300357880166,26.971228291536573,5.010502396611236
10.08541687458585,15.429843313378976,6.669926198564762
43.190699303790396,43.661363640963415,6.055543011773448
12.338673652858809,17.35728452454991,5.60230238917244
7.866335986629015,25.247550070831238,6.587798217278876
36.72650997286963,6.740387927871898,6.810293771323997
46.57010251873576,1.0844775971330762,6.030751460418812
21.55663847668003,8.700252730750977,5.8584777862066675
47.84407558570452,14.509797904511958,5.83313519041708
51.33817677281164,5.2282759037369795,6.949308981904443
9.271392265073647,31.610960774798016,6.014655393159574
74.17736973455095,33.29370194984991,5.780907465120128
37.64452301017326,38.17668040897094,6.962078845103121
22.382343405379498,1.0729096434259626,6.57704003255903
28.808575768019086,44.003167184893435,6.256513924951313
58.890846874745066,44.13770039025744,5.66503721674397
7.625666024812176,32.80622333794072,6.6270177311121765
16.84378345714544,46.77064134934906,5.929245799494075
53.52494226572251,37.94097728072443,6.622995363695213
8.948587860771836,46.59380494223496,5.915359154894706
25.187701267839703,2.7239959119814734,5.398939667430376
7.454368906091931,56.0089216990288,6.030767178508998
74.2331505118767,32.62753878948573,5.506627530405234
57.607009776729974,11.547095500961262,5.713948352070727
59.54933047197896,51.96131679697565,5.663849372762689
13.27548808122903,22.144348541448913,6.778973034024563
56.903193239133294,53.688785947807695,5.773289536521384
73.14751269422929,29.822573269567656,5.995046784987254
69.66388789720094,31.204623626743025,6.602296174803548
55.75923336615582,4.827727662722525,6.204906597660455
62.47506020756201,32.773916400943754,5.642422856429188
10.144858230787165,39.68906136534238,5.612991712181505
46.98482475500729,25.62435276569442,6.379529616890973
29.284062355925442,2.6370742547227586,6.740074350112784
29.355431376748,59.889220806605636,5.549110720149715
73.59192318319668,56.87947227832487,5.1500823299763185
49.44463392077253,21.862336725993842,6.60219195112434
52.39844785093564,57.1720848371485,5.285558936725099
47.3338896841203,46.900586987633645,5.069597931597084
9.239952095878671,46.73307087306124,5.732656946214297
31.491235319058827,34.07795403927476,6.210189657709571
52.37387501239434,56.934529403006835,5.744026756941367
58.297455261799854,34.47791452220035,6.058919763072579
32.561400239647725,39.00868812869129,5.499223306186796
12.498127187243771,44.166924082817715,5.998087920512933
31.782610292768076,33.74419537450286,5.523553353174991
22.850428865363188,26.83175943309641,6.992730224309522
24.63316987772014,54.99708668155869,5.982400390508448
13.145938244229946,51.18429479402093,5.904085370490795
67.85687167042924,26.762160445273057,5.175581482209462
52.57601284766992,50.746721016584495,5.63917554419994
28.9934832790688,3.989850791132662,6.084342722451124
67.33888360594918,51.09658684011224,6.4236182080144255
69.87637419898404,38.298231351584576,6.587392767690005
40.3672800347882,7.369611059199567,5.401960742355372
14.290819478704785,47.443346342384174,5.052568053616532
43.55851132680145,22.197778813523122,6.607323452577173
43.391108841813136,36.7557069209692,5.172430963303865
26.304995585756583,59.97574313166977,6.437739319781439
41.561543665536156,46.17295656744441,6.646678799016781
9.69942526024235,58.34554591767458,6.284677178772762
36.223201944241225,40.8385285399099,5.689029561405399
66.39619069135404,46.83774943741467,6.279587858733326
17.328401126925684,57.979250374653,5.8652365729639495
68.70521510175556,3.4192297160648466,5.248322241278024
15.287590410119144,9.962959085418435,5.645321502309111
54.507915343311836,20.8267826322782,6.881808109863069
67.59227713588928,50.77142899873635,5.501210617963999
49.27152494283609,33.09540078744007,5.250340590253805
25.849134730675765,32.05533398312599,6.005146289482525
16.388831073213332,56.502258573328895,5.308388533759127
50.94066757355468,43.26590282939265,6.21027781572371
63.89836528999392,33.86072026243462,6.6504725346532645
6.500330896870872,2.8231620171513843,6.28290746764872
45.162371819155226,39.10268565138743,6.533918001832622
33.86936824825886,38.37557241331134,5.996076120272232
48.71506272601494,17.451332242416186,6.91330033990881
38.54760968136707,48.30082043752241,6.369981682391353
25.469087935796832,4.471084227770213,5.119826065869338
35.49218774438897,29.106642693430818,5.408046027126797
47.26954852885486,18.82369170489129,6.436725770224875
56.26108271372055,51.660564208684086,6.95074825582976
13.719013684443246,22.29535786321245,6.123302431496739
26.997669991422587,28.041706765734123,5.534943348908365
21.978281218050967,5.89901798837823,5.580424009939803
31.582563261863225,36.961108905421725,5.496540560762373
65.5041788713106,9.66600976159664,5.65487164160239
45.22693617149855,18.831623759650157,6.526242750277257
39.62772071522357,30.93201786996592,5.997519416795308
26.252103984837266,1.4882602631594268,6.8904656081384745
40.133834643175895,58.00452917009328,5.430288845052482
29.379103764373053,3.127370237210724,5.989788407050352
66.70493308395817,39.29017620968806,5.941173706736391
42.336697824869354,50.84562468706873,5.861855538695081
66.7131290297608,43.67773299522757,6.527713528323979
30.29858335248819,24.094839098783922,6.140563287762059
18.223198783084193,33.238053304606986,5.147063499485684
40.05001480318593,45.88780647096365,5.559441355247964
74.23089439376095,40.85587854311976,5.237622039447179
73.24333848667177,23.69483239244357,6.589794456761892
28.405513646655855,56.34301916062699,6.509930344585587
18.53358064944772,30.59643872188841,6.0001558071412875
7.6938863489287685,8.308478776694471,5.666081410705535
37.8989626028609,27.473614701044152,6.212521044807608
40.8431541163814,19.745154273427925,6.226136242129356
15.956394234324227,59.43788267991229,6.478638721147208
25.596021148246436,20.248769783885535,6.656578771914752
42.02995800624928,42.55351440548273,5.599581129474828
62.010292743689604,22.1646328109596,6.347612784946033
73.58281119813091,35.0637582967423,6.5935096278602945
55.6353569849058,41.31381470704602,5.053294309927667
37.958610092996764,58.02753470070585,6.565807982862843
59.219422774631084,34.70030031226455,6.442800224592613
45.63839103185862,10.313672498624893,6.258050482290727
48.191374287826804,50.48591078500003,5.295551416600664
52.49124610107286,1.9910737491917523,6.896410341568602
12.247634254025627,1.2343483136460929,5.627384966891711
15.175903697413853,41.460965629019675,5.82075481864541
59.135547277399915,55.23920489884292,6.745635417824641
56.37652762444203,3.8306490322644735,5.27616497157042
19.117590200472755,19.57046711212068,6.324453599428698
41.54613917370249,18.893780664395248,5.346364847714655
68.80475334514273,20.605388359142584,5.708573977289626
58.92527978248622,43.28338122350483,6.286618199998923
53.37858835710237,36.643587146717216,5.384528338273427
21.879599054678906,33.52939038336351,5.449734075985633
73.09019924513511,17.927112460086782,5.57800827480705
19.11308453725214,42.32879675843778,5.6340814900368965
29.090623781192114,56.028652448770956,6.590810712004667
23.778756341257324,7.400258933389632,6.353244491565091
31.268440068893966,58.811616185549596,6.636754920261125
71.79992486909802,48.29648845399856,5.580905303985871
24.777939083796863,42.87706312115388,5.692727028191233
35.68751588647089,15.460994130861575,5.958158526032967
18.745794507642053,32.360817630148304,6.866047867566616
53.580076695600994,8.322649992575284,6.231354068828985
45.871550149242466,14.623236500776178,6.3396679297862075
41.93842502616234,38.31287994717739,5.104982213678926
33.637746306402235,43.06974756938959,5.201089809554696
58.83900709592868,0.4103686397870888,6.100705131559233
70.00152745198343,24.47375634765832,6.870064197192303
66.42717331675308,28.6991663744097,5.398911949335203
72.45593974181097,19.337945356938086,6.2917958357805395
68.50955559086138,5.458697158639827,6.148266706350746
42.22823552099913,43.41474892672116,6.873338759501252
68.8826956597246,10.586380051309689,6.764489946329666
16.89310388148981,55.186125229870946,6.99434360617702
32.488117486620126,29.773495449573293,6.873217489555525
72.33026229587564,55.569777903996936,6.753486335835847
5.153335377847035,34.120915933003275,5.214601381547076
73.80106913015595,17.145242975767772,6.978198940177447
42.80268409076673,29.685353978474968,6.8771210034817445
64.49971156974877,28.134444063476778,5.3856227965476196
12.44159665192089,9.833406326130344,5.917828942064722
22.637174056181095,11.253324240771256,6.473235790984514
60.24912034198053,34.11009522301426,6.514565500515122
16.872391425611763,51.38317560598012,6.794085523567951
62.80278268197983,30.965311471691777,5.173475539696712
51.68253766540177,11.168393942735664,5.2812237512685964
27.313917740998335,14.958020311661985,5.5215705541308875
21.10424832250814,45.250023441709274,6.908069645309825
25.787181698258838,43.40066345121975,5.022871468388336
50.58467737844901,41.596838566322056,5.1242486636010725
12.834851770180066,18.477699886016826,5.810833225936794
39.927693222306466,53.71759035199362,6.407114070204512
26.42394536111855,7.133203176102101,6.832260771701271
25.3001508110154,36.91606434381656,5.438257201870687
13.916599144874692,9.275815324881835,6.495469674301713
47.20459584027939,25.009152364330358,6.098469017636729
37.69337941999146,32.297309492822734,6.3281888786793274
19.89801939734148,14.923179215583806,6.509479099449731
66.05602162338519,5.004031357749164,5.893495954992966
54.115511823489015,4.7783530566316665,6.12833744454695
8.853942352746207,32.9041899977848,6.010974112185192
44.87546803306446,9.076157644806615,5.656235275484413
41.184078653527486,7.062777328861387,5.4108029710787235
45.611911330091736,5.547404502656101,6.020750708065669
61.51279186399522,27.26059478076894,6.026495686403283
36.70429253768726,3.5584331778582334,5.924756611477847
61.38753235508467,43.42447678151764,5.791897419906515
62.059952428285705,44.77368852162576,6.156622530118071
7.692931092311929,20.73727910707186,5.127519824224167
74.58571806362286,56.08150965320829,5.138038292320628
70.33117716223761,2.000918774282434,5.817733871638497
58.71253041213553,45.973078207130335,6.956666569848202
50.03459767585002,25.27968013905144,6.985713197161758
31.464813129021728,52.190255090111435,6.813534623049145
30.98301013304013,40.99554821068233,6.323585076250936
42.52066860627964,39.24669249528025,5.6955397742783
17.082390844789874,32.28178333524028,6.057685079088019
55.81399893388203,13.439143936379361,5.006946589889815
6.102840576198645,17.97194302330861,6.346999715553134
42.883396401263965,31.96282314895585,6.646720874751569
21.949598714516178,20.834968125758845,5.551299455590255
70.5874304600222,43.52893435994421,5.225689277532955
61.568211939513205,25.21251184965595,6.532106935027807
66.8048418400989,1.0371832021766192,5.412163243700428
11.613218273021745,2.1112189176814193,6.195569793463106
54.08168181397747,3.015711642500571,6.481082156959723
32.859707232168894,14.136922781404941,5.434538420355107
65.39298210823898,3.48099769796521,6.007791697881869
24.89307332045128,48.96559678012268,6.463034966232037
26.98271059402804,35.91526868920802,6.3450638028738275
27.10689063520531,18.175689665137774,5.286520868326657
51.0449758786574,13.34046015271735,5.601001907514839
8.797513416026732,56.916363276100604,6.759427781927766
68.76622542624838,37.59698894513497,5.8544011645890865
39.44126551825798,58.34018509708678,6.883172819663823
51.82964799457342,47.16969529923303,5.637468914632624
33.85088665621185,9.038134708727304,5.752920377014264
57.68633485528783,28.463777342691973,6.698681864520081
25.70191752505792,42.48385016952953,6.611552319869774
68.98925275402134,33.786918380255855,6.935572377093253
43.78871645304875,8.132155788438773,5.4857170321791715
18.835239680733835,38.837680507721885,6.844452209022444
64.22290370733263,5.638593391959133,6.449169424614404
17.92895409936705,16.180849112513375,6.347343841269157
47.00600417172985,52.42986546352342,5.376326587865511
58.1995974363733,43.485883867143734,6.1177009525450545
38.2972915561995,52.181483706319824,5.665928621637643
71.96989311713045,1.018489003086721,6.874319526404495
72.32646770606937,7.127240346655736,6.999144014035624
38.26392178213679,14.631331592559917,6.208803068157563
18.918176579941505,54.91607492965403,6.104158585095629
59.1737286854958,22.90163848793806,6.067300254832526
29.82779866638609,15.76754148038262,6.025633080047547
39.55804916361932,6.006633070772254,6.962636913693153
37.59907475259037,50.399897775664726,6.828660997794978
30.63469696090372,24.894417217659612,6.125049454928709
20.09982393129388,8.840770514842658,5.52154821981954
70.40045664589292,34.79066126964029,5.8351561471103475
15.245004417982102,19.85893063007381,5.759679549482309
63.25207142773245,30.008158793922416,6.309215932242044
52.781686170386386,15.513872782329477,6.643183879384713
72.63883284114922,38.537497818482564,5.981191165161565
16.36047203958364,47.71903330978268,5.338531421720363
55.28210391872761,29.35014764312253,6.833798779388734
42.72064830227054,38.54438684462376,5.11746410316146
6.884574880110684,50.81717325264507,6.890376222401796
51.609195809217276,45.88389672996395,5.824784444831185
63.89940253618707,13.962860185438986,6.41433912740692
5.144473049191655,30.3934018896146,5.746401385373623
48.05738412931461,40.03860830024505,6.233038722168676
38.56589283033867,29.32247760178397,5.013224713984318
43.39087104424361,0.8098729908607569,6.058835293683301
23.869221972447153,58.65101295912745,5.034285195204855
61.827584074430646,40.4745738319407,6.612335397894858
68.639022302913,6.510284078800124,5.192627780502817
14.997272744687661,11.59673021379763,6.052911970800432
61.972614545286426,16.112751726930487,5.793792844996143
30.80013663418959,24.42104185144577,6.130004364895938
74.31142873060078,13.628849432382587,6.368083250940771
64.27463069322326,39.25876960159327,6.716438318042375
58.05080243746755,5.700680275083854,5.758528044479632
43.46545148684352,3.4612848538250454,5.0189003453082615
16.582542053083856,30.041517747456243,5.867819303943325
59.79852991070284,33.994812014267,6.715920626727339
11.22300940068647,31.736735219934715,5.08510351523409
19.404902439860578,52.10020174583818,6.775108614068987
38.022770278991764,2.8890620474304227,5.148696119851302
69.75372911070508,53.96876788681402,6.127019728095967
6.819575500819768,55.73310503915409,5.628969386453302
72.28357788625841,35.263462634660854,6.50450893969373
54.74615369642986,23.95793162166781,5.153874982882692
15.952742675386764,14.504284438826778,6.669301120183504
31.935540819398796,53.801893443462916,5.663459679243657
57.77045314872291,8.483040594688317,6.976955915828206
55.5535316916492,30.097491813099737,6.948646654871993
8.285598452291248,26.2815863453256,6.6773493152263494
28.51178862649497,46.163438636589994,6.909716793829332
32.46756497628164,46.43593947626621,5.059251317890331
23.76955551833021,59.55589411920276,5.9812069122215865
29.584689438262277,56.47445641374645,5.86369589247909
52.4184874952152,39.674247260141044,5.171388235273471
48.11242026332209,47.90350491078452,6.426217065356772
10.283679681956974,9.337835735544553,6.423354309557233
49.190012178395094,44.40535180969802,5.633356457363073
12.011839698643909,0.411193819964804,5.6165349102725965
29.874183562956212,16.25900995003925,5.265014008988398
17.711120738715344,26.985736253584943,6.109480001217736
33.26711434336119,1.6730880503965022,5.7078285746905175
11.061030362421128,35.92282348787695,5.648860661144825
31.65927317641685,17.58165634264963,5.775599118756787
10.471315943460837,54.07804908690034,6.810415148626718
73.46120101297905,34.36042980189742,5.339165846784651
31.34160765595639,8.416519531669064,5.602262530750138
39.26523792586032,3.8897023015895686,5.86935253852549
34.18771495396297,29.105455704642317,5.153842722790314
22.244831514117653,14.870745093985475,6.250067375537789
46.36335106175505,11.813338670327601,5.213944735161804
25.978388700463615,56.934525397434456,5.664434430623254
48.2235492451656,48.26418007124721,5.65908343255852
28.09890377416047,48.946980653179885,6.719016934201671
73.18288904357478,8.25385584753806,5.641330310750176
71.28316400213619,12.131004173254095,5.628366562390883
72.50251092818297,58.126640782627064,5.582896303160107
53.49452262088376,29.51133804223693,6.151758563249921
21.5909129230304,22.62571260921641,6.632989030865826
32.20192664663192,6.921880634358687,6.127701017257571
46.25200591465217,32.783182218504244,6.363425266260175
43.28199056832183,57.18497622802913,5.923244445666297
54.43987711355248,26.363451763103626,5.58266241597059
53.344887192366166,49.15603752346706,6.591313671991909
33.34448211226555,30.00826259580872,6.266672079307327
21.562492320791318,39.553911815085854,6.430472782598852
60.12991180701444,4.530511621379078,6.981401228873936
38.28604633397015,24.10822533002948,6.0132252860590185
69.38764900571985,41.533361067296646,6.087290406774955
60.245824651972775,21.63581663167397,6.791003030721798
42.351872014733445,38.32700398394938,5.169963868101975
58.71126037836286,39.490338510387865,5.710017638896979
50.11348928283,2.7533719423181906,6.967216411903966
52.26176865842509,24.03710299888243,6.505365555459211
72.5830328288249,25.884287079021917,5.02109554556916
22.74105511345771,30.689506807450176,6.037595533698699
45.426539834442295,34.556600356398526,5.891557103009814
32.07495889176395,46.36329972449968,6.177179913080295
39.782837604191286,20.763546517211147,5.049125306051539
11.870729739427349,25.016928168690182,6.92345573135994
12.682888326107715,56.44650187295696,5.283350353663097
26.48826924477667,27.37442485003004,5.413734652416629
38.54628291394689,28.622135619428896,5.876331876546054
53.62181021941846,19.202677505640256,5.600528166363881
61.61810855276822,6.993607475257277,6.69836001609382
50.181879168078815,40.660646040163954,5.328708185701407
73.86498317647359,14.710385498464362,5.348906465648268
15.789567640682831,33.6349522541428,6.916925243467899
20.84581609250443,24.362341433187147,5.368903550302788
49.6537608045355,25.984853700514023,5.058384548684781
47.79453908472035,11.919733703356556,6.184406316720737
31.91292251507735,42.313663395988094,5.411568958734644
57.53894742291466,48.54291433901252,5.125127502938328
11.673519435263538,52.33156186759212,5.373919671264186
27.4819362677167,27.50727029015051,5.524706790904721
65.31587659574016,31.71012967570418,6.278217171332301
46.586443464451044,36.717374426226215,6.174009429130436
29.028686939291184,50.746516379906595,6.23472535867285
61.86854692539583,42.38870282066421,5.594889669398704
47.82115835776082,5.176642920519365,5.2678955393014215
12.809246512646798,18.392262151876384,5.3660890366629665
53.38727619100941,30.69840968228094,5.836478212422517
14.219644546686302,23.084226773977452,5.371507398585531
49.30286576513379,41.636632299108385,6.290520190159901
74.99291845569799,33.339263292366596,5.9792840523844175
14.390905724394692,18.943342878184573,5.902001941493302
8.279594015473997,21.606446413064994,5.019166879126562
14.12569738370596,48.93143484516632,6.92765817882988
40.13338039101226,29.74869388719758,6.369393341119973
33.801945686824894,50.40951894586324,5.9773990238793715
10.328279117945915,1.9485562680159878,6.522113237090848
25.092338623888818,16.563689804584687,6.075217236409639
16.358732909278444,27.4935510976796,6.485036503859574
58.497328623530194,33.028598453829275,5.226421990584046
12.5515689208073,46.52927036905333,6.646565615995133
30.363754933432176,49.37439457499605,5.083221044540466
55.18810699966806,32.82656115584568,6.979551455753366
11.72035894086363,49.82123592089813,6.502690989487345
25.488479924754003,59.958828889806576,5.899464685660828
29.074676865973125,49.02204224847467,5.878139806766666
74.57401674446251,46.56033582785834,5.473892110733362
61.65454153717842,35.316641428910955,5.70126168222798
54.60815414431286,38.002960792535596,5.331963235380519
14.316065097837715,12.476517405587723,5.413885441503532
8.684727271573548,21.113847189274573,5.562170037580396
42.48318249635848,19.486851589695434,6.4081075235103775
24.897993664278523,16.113849670057,6.716033689892515
73.97692530945649,40.79002902380627,5.190450327628685
72.37542564706233,47.16289379264871,6.837537423659651
74.47027890794955,52.03615066698333,5.25377633722762
65.55855504687656,15.055666792094572,6.422789697678338
62.9079670902536,45.71226789004343,6.352469107399892
39.00684017705246,34.68778920531927,5.537434304174972
33.70286880023515,27.174304180766825,6.267255526700596
66.5488182321663,5.676377564152782,6.031226944175398
24.11491099355075,56.18653323390566,5.738142348150844
71.49291256000947,19.704627881639723,5.0049461702839695
59.07653797585738,43.99016918971527,6.461863874974106
36.8206725959201,39.882214867827365,5.716445458681974
8.964813367242314,32.112025416815136,5.4356598700304115
34.789838598309146,12.789902837823519,5.537073676628845
62.898225001940965,20.331533794730163,6.155867280521903
44.41301881965839,29.171740450109453,5.687479241105239
52.619910789571016,2.9997147429882047,5.199149483832412
59.76422820976006,27.628947584146655,5.248474358460797
64.96443779496727,26.533028337697953,5.001351863024208
72.04123973593005,12.218860563204244,6.37718376382302
13.799872660572953,39.0348322405051,5.317954925811639
70.25715217217765,16.513765539907403,6.309175928837588
22.152444137712173,22.373441682041268,6.807600537671316
16.169518080733738,23.84085985924077,5.611018489688462
53.810616692482434,14.125216104916726,6.31097045676707
54.11071180336512,0.16506959113424896,5.953613416521828
13.855335338819057,13.648832601418421,6.359965450243158
5.154729806396441,41.766266726554115,6.634218053826597
74.16492111723117,25.39660463312609,5.264350302185122
9.493395530736104,23.045888547978784,6.461526763527942
11.721115516690219,18.86975349871028,6.761977989960541
14.167615279419966,46.43028297067239,6.506315601982136
13.886809298627957,59.57711529925846,5.2857061336697875
41.90083349654101,0.6076370429852731,6.300040426315614
35.52700916497956,43.37367837922291,6.256160076681805
15.171876224521808,24.761422672144718,6.37313233975148
65.12735798445158,5.292613204612712,5.200930224955277
57.547418081630646,35.41547767391464,5.768063818686241
72.40903409400512,18.938769724111946,5.279660377618468
24.0262198146116,5.146498088279401,6.10679326356946
46.80055463942263,36.49482662503984,6.55793930502652
53.17856328853309,50.88873705595354,6.316810740170288
25.7662780171925,31.113172755054524,6.019045132229425
57.2229766891781,17.802968869399795,5.1091382620305055
67.80283550516776,57.28482352969445,5.989775439886534
12.448428213568501,30.024994222232188,6.187859536275447
41.74419831600099,58.6640471758158,6.973765065686377
70.34167031803221,8.005774555888852,6.721628007873495
44.570817408493745,21.988206524601114,6.3658840980048526
58.272178621638794,57.2717337380591,6.540734098449228
5.676602824845363,4.145200899438754,5.524370554324134
7.307793766571878,3.722084689333521,6.578579997986183
40.21604760138235,37.7513846940285,6.00209793101415
33.78795560346583,42.13845725354863,5.1648556238492915
42.32781953293608,37.0012186344382,5.55493547146912
26.348435435973254,30.72715142789035,5.406394987915656
61.46823570843106,32.22977135607856,5.7814630059367
49.217744438404594,50.08813550416669,6.362111369418421
9.161113395295658,41.95068530816893,6.459916754863083
64.17600211742473,3.5685660469855125,5.172425596782979
35.13109299672435,27.25697335359885,6.217664808854887
26.3049495030836,44.5274411925475,6.481316360468356
12.920731987006064,42.50324636637409,6.402999222447733
16.05020048094623,57.185670485106385,6.046010725456816
59.70059065883408,43.27385453379819,5.333925908384762
13.4486078274193,46.889326398225556,5.5375289728184915
66.99224056171624,46.30867440032851,5.058712502345607
61.40110318934457,16.39163764177909,5.127743978246296
54.718788998134926,34.641435315379624,5.154140062572771
36.591443326399634,21.67142134175302,5.999220011522766
44.46547204081072,22.124497893623023,5.5102321620781565
